Introduction, Address, RSS feed, tags
?€????????????????, https://blog.t9t.io, https://blog.t9t.io/atom.xml, ??????; ??????; ??€???
?????€??????????????????, https://www.ruanyifeng.com/blog/, http://feeds.feedburner.com/ruanyifeng, ??????; ??????; ??????
??? ??? ?€? CoolShell, https://coolshell.cn, http://coolshell.cn/feed, ??????
?????????-?????????-?????????, https://www.zhangxinxu.com/, http://www.zhangxinxu.com/wordpress/?feed=rss2, ??????; ??????
Alili??????????????????, https://alili.tech, https://alili.tech/index.xml, ??????; ??????
??????????????????, https://www.xiabingbao.com, https://www.xiabingbao.com/atom.xml, ??????; ??????
DIYGod - ??????????????????????????????????????????!, https://diygod.me, https://diygod.me/atom.xml, ??????; ??€???
MacTalk-?????????????????????, http://macshuo.com, http://macshuo.com/?feed=rss2, ??????; iOS
ShrekShao, https://shrekshao.github.io/, http://shrekshao.github.io/feed.xml, ??????
????????? BLOG, https://blog.codingnow.com, http://blog.codingnow.com/atom.xml, ??????
??????????????€???:????????????, https://www.phodal.com, https://www.phodal.com/blog/feeds/rss/, ??????
?????????????????????, https://www.zmrenwu.com, https://www.zmrenwu.com/all/rss/, ??????
Python ??????, https://www.zlovezl.cn, https://www.zlovezl.cn/feeds/latest/, ??????
???????????????????????????, https://windard.com, https://windard.com/feed.xml, ??????
?????????????????????, https://luolei.org, http://luolei.org/feed/, ??????; ??????
??????, https://newdee.cf, https://newdee.cf/atom.xml, ??????; ??????; ??????
RidiQulous, https://ridiqulous.com, https://ridiqulous.com/feed, ????????????; ??????
?????????, https://daimajia.com, https://daimajia.com/feed, ??????; ??????
??€????????????, https://kymjs.com, https://www.kymjs.com/feed.xml, ??????
??€????????????, https://droidyue.com, https://droidyue.com/atom.xml, ??????
vzard's blog, https://vzardlloo.github.io, https://vzardlloo.github.io/atom.xml, ??????
??????????€????, https://blog.biezhi.me, https://blog.biezhi.me/feed.xml, ??????
????????€?????????, https://www.rowkey.me, https://www.rowkey.me/atom.xml, ??????
zhonger ????????€????€??????????????????????, https://lisz.io, https://lisz.io/feed.xml, ??????
??????'s Blog, https://blog.lilydjwg.me, https://blog.lilydjwg.me/posts.rss, ??????
INTJer, https://arminli.com, https://arminli.com/feed/, ??????
?€??????????, https://hintsnet.com/, https://hintsnet.com/pimgeek/feed/, ??????
David????????€?????????, https://www.daweilv.com, https://www.daweilv.com/atom.xml, ??????
??????????????? Toweave, https://toweave.github.io, https://toweave.github.io/rss.xml, ??????
?€?????????????, https://zxx.im, https://zxx.im/feed, ??????
MouT.me, https://mout.me, https://ghost.mout.me/rss/, ??????
diss??????, https://dumplingbao.github.io, https://dumplingbao.github.io/atom.xml, ??????
?????????-DK??????, https://greatdk.com, https://greatdk.com/feed, ??????; ??????
chai2010 ?????????, https://chai2010.cn, https://chai2010.cn/index.xml, ??????
??????????????????, https://www.cnfeat.com, https://www.cnfeat.com/feed.xml, ??????
?????????, https://jimmysong.io, https://jimmysong.io/index.xml, ??????
Hawstein's Blog, https://hawstein.com/, http://hawstein.com/feed.xml, ??????
Skywind Inside, https://www.skywind.me/blog/, http://www.skywind.me/blog/feed, ??????
??????, http://www.shuizilong.com/house, http://www.shuizilong.com/house/feed/, ??????
???????????????, http://www.chenshake.com, http://www.chenshake.com/feed/, ??????
Cat in Chinese, https://chinese.catchen.me, http://chinese.catchen.me/feeds/posts/default, ??????
Randy's Blog, https://lutaonan.com, https://lutaonan.com/rss.xml, ??????
iTimothy, https://xiaozhou.net, https://xiaozhou.net/atom.xml, ??????
F.B, http://www.fanbing.net, http://www.fanbing.net/feed, ??????
idea's blog, http://www.ideawu.net/blog, http://www.ideawu.net/blog/feed, ??????
?€?????€??€?, http://gigix.thoughtworkers.org, http://gigix.thoughtworkers.org/atom.xml, ??????
xiaix's Blog, https://xiaix.me, http://xiaix.me/rss/, ??????
???????????????, https://teddy-chen-tw.blogspot.com/, http://teddy-chen-tw.blogspot.com/feeds/posts/default, ??????
The Will Will Web, https://blog.miniasp.com, https://feeds.feedburner.com/TheWillWillWeb, ??????
?????????, https://www.techug.com, http://www.techug.com/feed, ??????
??????jdon.com, https://www.jdon.com, https://www.jdon.com/jivejdon/rss, ??????
???????????????????????????, https://www.barretlee.com, http://www.barretlee.com/rss2.xml, ??????
???????????????, https://www.jeffjade.com, https://www.jeffjade.com/atom.xml, ??????
?????????, https://immmmm.com, http://feed.immmmm.com/, ??????
HelloDog, https://wsgzao.github.io, https://wsgzao.github.io/atom.xml, ??????
the5fire?????€?????????, https://www.the5fire.com/, http://www.the5fire.com/rss, ??????; Python; ??????; ??????; ??????
????????? David ????????? phycat, https://hfdavidyu.com, https://hfdavidyu.com/feed/, ??????
??????????????????, https://mercurychong.blogspot.com/, http://mercurychong.blogspot.com/feeds/posts/default, ??????
Mr. PM ????????????, https://mrpm.cc/, http://feeds.feedburner.com/pmmustknow, ??????
?????????????????????????€??€?iamsujie, http://iamsujie.com, http://iamsujie.com/feed/, ??????; ??????
????€??????????, https://blog.turn.tw/, http://blog.turn.tw/?feed=rss2, ??????
???????????????, https://yuguo.us, http://feeds.feedburner.com/yuguo, ??????; ??????
O3noBLOG, https://blog.othree.net, https://feeds.feedburner.com/othree, ??????
Vivaxy's blog, https://vivaxyblog.github.io, https://vivaxyblog.github.io/atom.xml, ??????
Debug??????, https://www.debuginn.cn, https://www.debuginn.cn/feed, ??????; PHP
isaced, https://www.isaced.com/, http://www.isaced.com/index.xml, ??????
Jason, https://atjason.com, https://atjason.com/atom.xml, ??????
forecho ???????????????, https://blog.forecho.com, https://blog.forecho.com/atom.xml, ??????
Jack Liu??????, https://www.jack-liu.com, https://www.jack-liu.com/rss.php, ??????
GeekPlux, https://geekplux.com, https://geekplux.com/atom.xml, ??????
??????????????????, https://jysperm.me, https://jysperm.me/atom.xml, ??????
EGOIST ????????????, https://egoist.moe/, https://egoist.moe/atom.xml, ??????; ??????; ??€???
???????????????, https://www.yinwang.org/, https://rsshub.app/blogs/wangyin, ??????
?????????, http://weiwuhui.com/, http://weiwuhui.com/feed, ??????; ??????
Aiur ?? Zellux ?????????, https://blog.yxwang.me/, https://blog.yxwang.me/index.xml, ??????; ????????????
?????????????????????, http://www.read.org.cn/, http://www.read.org.cn/feed, ?????????
??????????????????, http://lukefan.com/, http://lukefan.com/?feed=rss2, ??????
????????, http://blog.xiayf.cn/, http://blog.xiayf.cn/feeds/rss.xml, ??????
????????????, https://hufangyun.com/, https://hufangyun.com/atom.xml, ??????
????????? ????????????, https://jiongks.name, https://jiongks.name/atom.xml, ??????; ??€???; ??????
????????????, http://www.btorange.com/, http://www.btorange.com/feed, ??????; ??????
Zeove'blog, https://zeove.com/, http://zeove.com/feed, ??????; ??????
????????????, http://www.fengtang.com/blog/, http://www.fengtang.com/blog/?feed=rss2, ??????
Lucifr, https://lucifr.com/, https://lucifr.com/rss/, ??????
????????????, https://zhang.ge, https://zhang.ge/feed, ??????; ??????
ChrAlpha ????????????????????????, https://blog.ichr.me, https://blog.ichr.me/atom.xml, ?????????; ??€??????; ??????; ?€??€?
?????????????????????, https://www.mifengtd.cn/, https://www.mifengtd.cn/feed.xml, ????????????
????????€???, http://cnberg.div.io/, http://cnberg.div.io/feed/, ??????; ??????; ??????
?????????????????€??????, https://www.52nlp.cn/, http://www.52nlp.cn/feed, ??????; ????????????
???????????????, https://blog.devtang.com/, http://blog.devtang.com/atom.xml, ??????; ??????; iOS
OneV's Den, https://onevcat.com/#blog, https://onevcat.com/feed.xml, ??????; iOS
Garan no dou, https://blog.ibireme.com/, https://blog.ibireme.com/feed/, ??????; ??€???; iOS
?????????, https://kenengba.com/, http://feeds.kenengba.com/kenengbarss, ??????
??????, https://colobu.com/, https://colobu.com/atom.xml, ??????
????????????, https://blog.huoding.com/, http://huoding.com/feed, ??????
libfeihu Blog, https://feihu.me/blog/, http://feihu.me/blog/feed.atom, ??????
Nic Lin's Blog, https://blog.niclin.tw/, https://blog.niclin.tw/index.xml, ??????
Halfrost's Field, https://halfrost.com/, http://halfrost.com/rss/, ??????
limboy's HQ, https://limboy.me, http://feeds.feedburner.com/lzyy, ??????; ??????
sunnyxx?????€?????????, https://blog.sunnyxx.com/, http://blog.sunnyxx.com/atom.xml, ??????; iOS
??????????????????, https://xiangwangfeng.com/, https://xiangwangfeng.com/atom.xml, ??????; ??€???
Kevin Blog, https://zhowkev.in/, https://zhowkev.in/rss/, ??????; ??????
bang's blog, https://blog.cnbang.net/, http://blog.cnbang.net/feed/, ??????; ??€???
I'm TualatriX, https://imtx.me, http://feeds.feedburner.com/tualatrix, ??????; ??€???
Wujunze's Blog, https://wujunze.com, https://wujunze.com/index.xml, ??????; ??????; ??????
?????????, https://blog.just4fun.site, https://blog.just4fun.site/index.xml, ??????; ??????; ??????; ???; ??????
Est's Blog, https://blog.est.im/, http://feeds.feedburner.com/initiative, ??????; ??????; ??????
Wiken, https://www.hehuapei.com, https://www.hehuapei.com/feed, ??????; ??????; ??€???
?????????, https://zhaliezhi.com/, https://zhaliezhi.com/feed.xml, ??????; ??????; ??????; ??????
kok????????????, https://wocai.de, https://wocai.de/index.xml/, ??????; ??????
?????????, https://wujingquan.com, https://wujingquan.com/atom.xml, ??????; ??€???
Qt????????????-???????????????, https://jaredtao.github.io/, https://jaredtao.github.io/atom.xml, ??????; Qt
Fred Wu's Blog, https://fredwu.me/, https://fredwu.me/rss.xml, ??????; ??€???; ??????; ??????; ??????; ??????
ISLAND, https://youngxhui.top, https://youngxhui.top/index.xml, ??????; ??????; ??????
???????????????, https://blog.heysh.xyz/, https://blog.heysh.xyz/feed.xml, ??€???; ??????
Frytea's Blog, https://blog.frytea.com, https://blog.frytea.com/feed, ??????; ?€??€?; ??????
Mohuishou's Blog, https://lailin.xyz, https://lailin.xyz/atom.xml, ??????; Go
????????????, https://xiang578.com, https://xiang578.com/atom.xml, ??????; ??????; ??????
1A23 Studio, https://1a23.com/, https://1a23.com/feed/, ??????; ??????; ??????; ??€???
Jiajun???????????????, https://jiajunhuang.com/, https://jiajunhuang.com/rss, ??????; ??€???; ??????
??????, http://jalan.space/, http://jalan.space/atom.xml, ??????; ??????; ??????
?????????????????€?????????, https://www.stackoverflow.wiki/, https://stackoverflow.wiki/blog/rss.xml, ??????; ??????; Java
Lenix Blog, https://blog.p2hp.com/, https://blog.p2hp.com/feed, ??????; ??????; WEB??€???
????????????, https://www.ixiqin.com/, https://www.ixiqin.com/feed/, ??????; ??€???
Placeholder, https://www.luotaoruby.me, https://www.luotaoruby.me/rss.xml, ??????; ??????
OnionTalk, https://hateonion.me, https://hateonion.me/index.xml, ??????; ??????; ??????
Nicksxs's Blog, https://nicksxs.me, https://nicksxs.me/atom.xml, ??????; ??????; Java; PHP
Allen's Blog, https://www.capallen.top, https://www.capallen.top/atom.xml, ??????; ????????????
?????????, https://yihui.name/cn/, http://yihui.name/cn/feed/, ??????; ?????????; ??€???
???????????????, http://blog.farmostwood.net/, http://blog.farmostwood.net/feed, ??????; ??????; ??????
????????????????????????, https://www.changhai.org/, http://www.changhai.org/feed.xml, ??????; ??????
UsubeniFantasy, https://ssshooter.com, https://ssshooter.com/rss.xml, ??????; ??????; ??????; ??????
?????€??€?????????, https://boyn.top, https://boyn.top/atom.xml, ??????; ??????; Java; Linux
Alexander D Huang's Blog, https://alxddh.github.io, https://alxddh.github.io/feed.xml, ??????; ??????
KAIX.IN, https://kaix.in, https://kaix.in/feed, ??????; ??????; ??????
??????, https://ii74.com, https://ii74.com/feed.php, ??????; ??????
Matrix67: The Aha Moments, http://www.matrix67.com/blog/, http://www.matrix67.com/blog/feed, ??????; ??????
Livid, https://livid.v2ex.com/, https://livid.v2ex.com/feed.xml, ??????; ??????; ??????
hanjm's Blog, https://www.imhanjm.com, https://www.imhanjm.com/atom.xml, ??????; GO; Golang; ??????
?????????|??????, https://www.kingname.info/, https://www.kingname.info/atom.xml, ??????; Python; ??????
SEO ???????????????????????????, https://seo.g2soft.net/, https://seo.g2soft.net/atom.xml, ??????????????????; ????????????; ????????????; ??????
???????????????, https://igaojin.me/, https://igaojin.me/atom.xml, ??????; python; ?????????
???????????????, https://thinkhard.tech/, https://thinkhard.tech/atom.xml, ??????; ??€???; ?????????; ??????
????????????, https://keelii.com/, https://keelii.com/atom.xml, ??????; ??????; ????????€???; ?€??€?
??€???????????????, https://xilidou.com, https://xilidou.com/atom.xml, ??????
Kuricat's Blog, https://kuricat.com, https://kuricat.com/rss, ??????; ?€??€?; ?????????
????????????, https://h-cheung.gitlab.io, https://h-cheung.gitlab.io/index.xml, ??????; Linux; ??????
??????, https://tingtalk.me/, https://tingtalk.me/atom.xml, ?????€?????????; ????????????; ??????; ??????; ??????; ??????
?????? Gofurther ??€???&ML&BC??????, https://charlesliuyx.github.io/, https://charlesliuyx.github.io/atom.xml, ????????????; ?????????; ??????; ??????; Dota2
??????????????????, https://zkqiang.cn, https://zkqiang.cn/atom.xml, Python; ??????; Java; ??????
xulihang's blog, https://blog.xulihang.me, https://blog.xulihang.me/feed/, ??????; ??????; ??????
????????????, https://hiwannz.com, https://hiwannz.com/feed, ??????; ?€??€?; ??????
???????????????, https://102no.com/, http://www.102no.com/feed, ??????; ??????
NotJustCode, https://article.mebtte.com, https://article.mebtte.com/rss.xml, ??????; ??????; ??????
ZWkang?????€?????????, http://zwkang.com, http://zwkang.com/feed, ??????; ??????; ??????
??????????????????, https://blog.joouis.com, https://blog.joouis.com/atom.xml, ??????; ??????; ??????; ??????; ??????
????????????, http://www.devashen.com, http://www.devashen.com/atom.xml, ??????; iOS; ??????
HansChen ?????????, https://blog.hanschen.site/, http://blog.hanschen.site/atom.xml, ??????; Android
IPhysResearch, https://iphysresearch.github.io/blog/, https://iphysresearch.github.io/blog/post/index.xml, ??????; ??????; ??????; ?????????; AI; ????????????; ????????????; ??€???
???????????€?????????, https://v3u.cn, , ??????; python; ruby; ??????
Desvl's blog, https://desvl.xyz, https://desvl.xyz/atom.xml, ??????
haokunt?????????, https://hkvision.cn, https://hkvision.cn/index.xml, Python; Golang; GIS; ??????
Deepzz's Blog, https://deepzz.com, https://deepzz.com/feed, ??????; ??????
lucifer???????????????, https://lucifer.ren/blog, https://lucifer.ren/blog/atom.xml, ??????; ??????; ??????
???????????€?????????, https://glumes.com, https://glumes.com/index.xml, ????????€???; ?????????; ????????????; ???????€??€?
Josherich?????????, https://www.josherich.me/, https://www.josherich.me/feed.xml, ??????; ??????
???????????????, https://imagician.net/, https://imagician.net/feed, ??????; ??????; ??????; ????€???????
FlyingSky's Blog, https://blog.fsky7.com/, https://blog.fsky7.com/feed, ??????; ??????
????????????, https://www.jiyang00.cn/, https://www.jiyang00.cn/atom.xml, ??????; ??????
anran758's blog, https://anran758.github.io/blog/, https://anran758.github.io/blog/atom.xml, ??????; ??????
?€???????, https://www.ioiox.com, https://www.ioiox.com/feed, ??€?????????; ?????????; ?????????; ??????NAS; ????????€???; Synology
???????????????, https://axionl.me, https://axionl.me/index.xml, Linux ??????; ?€??????????
??????????????????, https://www.darmau.com, http://www.darmau.com/rss, ??????; ??????; ??????
??????????????????, https://www.cxyxiaowu.com, https://www.cxyxiaowu.com/feed, ??????; ??????
????????????, https://jyzhu.top, https://jyzhu.top/feed, ??????; ??????; ???; ??????
????????????????????????, https://zofun.github.io/, https://zofun.github.io/atom.xml, ??????; ??????; ??????
yanliang's blog, https://gyl-coder.top/, https://gyl-coder.top/atom.xml, ??????; ??????; ??????; ??????; ?€??€?
Teach Talk, https://www.ttalk.im/, https://www.ttalk.im/rss.xml, Web; MQTT; XMPP; RabbitMQ; ??????
?€????IT-????????????, https://amonxu.com/, https://amonxu.com/atom.xml, ??????; ?€??€?; ??????; ?????????
Xiaoi's Blog, https://blog.xiaoi.me/, https://blog.xiaoi.me/feed.xml, ??????; ??€?????????
????????????, https://www.xlbd.me/, http://xlbd.me/rss/, ??????; ??????
?????????-????????????, https://yazhen.me, , Gatsby; ??????; ??????; ??????
Realcat, https://www.vincentqin.tech/, https://www.vincentqin.tech/atom.xml, ???????????????; ??????; ?€??€?; ??????
?????????, https://blog.hbsun.top/, , ??????; ??????; ????????€???
LIANYONGXING?????????, https://lianyongxing.github.io/, , ??????; ??€???; ??????
??????????????????, https://leovan.me/, https://leovan.me/cn/index.xml, ??????; ??????; ????????????; ?€??€?; ??????
???????????? BLOG, https://ifttl.com, https://ifttl.com/index.xml, ??????; ??????; ??????; ??????
WEB VIEW, https://webview.tech/, http://webview.tech/category/original/feed/, ????????€; ?€??€?; ??????
????????????, https://objcoding.com/, https://objcoding.github.io/feed.xml, Java?€?Golang?€????????????????????€?WEB???????€???????????????????
Ahonn's Blog, https://www.ahonn.me/, https://www.ahonn.me/atom.xml, ??????; ??????; ??????
Panda Home, https://old-panda.com/, https://old-panda.com/feed/, ??????; ??????
????????????, https://www.iyouhun.com/, https://www.iyouhun.com/rss.php, ??????; ??????; ??€???; ??????
??????, https://www.lanka.cn/, https://www.lanka.cn/feed/, ?????€; ??????; ??€???; ??????
Yuuno Blog, https://yuuno.cc, https://yuuno.cc/atom.xml, ??€???; ??????; ??????; ??????
???????????????, https://blog.fxcdev.com, https://blog.fxcdev.com/feed/, ??????; ??????
CodeSky, https://codesky.me, https://codesky.me/feed/, ??????; ??????; ??????; ??????; ??????
????????????, https://xsky.me, https://xsky.me/feed/, ??????
Claude's Blog, https://claude-ray.github.io, https://claude-ray.github.io/atom.xml, ??????; ??????
Just lepture, https://lepture.com/, https://lepture.com/feed.xml, ??????; ??€???; ??????
Lyric, https://lyric.im/, https://lyric.im/feed/rss2.xml, ??????; ??????; ??????
?????????????????????, https://iphyer.github.io/, https://iphyer.github.io/feed.xml, ????????????; ??????; ??????
?????????, https://sword.studio/, https://sword.studio/feed, ??€???; ??????; ??????
??????'s blog, http://blog.ncgame.cc/, , ??????; ??????; ??????
??????, https://blog.lacia.cn, https://blog.lacia.cn/atom.xml, ??????; Java
idealclover, https://idealclover.top, https://idealclover.top/feed, ??????; ??????; ?€??€?; ??????
????????????, https://blog.ixk.me, https://blog.ixk.me/feed, ??????; ??????; Web??€???
??????????????????, https://wukaikai.tech, , ??????; iOS
???????????????, https://blog.imyan.ren, https://blog.imyan.ren/atom.xml, ??????; ??????; ??????; ??????
?????????????????????, https://gylidian.js.org, https://gylidian.js.org/rss2.xml, ??????; ??????; ??????; ?????????; ??????
easeapi blog, https://easeapi.com/blog, https://easeapi.com/blog/feed.xml, iOS; ??€???; ??????; ??????
?????? ????????????????????????, http://www.z16388.top/, http://www.z16388.top/atom.xml, ??????; ??????; ??????
The Art of Chawye Hsu, https://chawyehsu.com/, https://chawyehsu.com/feed/atom.xml, ??????; ??????; ??????; ??????
??????????????????, https://mednoter.com/, https://mednoter.com/feed.xml, ??????; ??????; ??????
????????????????????????, https://gaficat.com, https://gaficat.com/atom.xml, ??????DIY; ?????????; ??????; ??€?????????; ??????; ????????????
?????????, https://hutusi.com/, https://hutusi.com/feed.xml, ??????; ??????; ??????
?????????, http://tuwee.cn/, , ??????; ????????????; ????????????; ??????
?????????, https://jiayuanzhang.com/, http://blog.jiayuanzhang.com/index.xml, ??????; Python; Web
???????????????, http://blogbo.org/, http://blogbo.org/atom.xml, ??????; ??????; ??????
?????????, https://www.zsythink.net/, , ??????; ??????
HUHUHANG, https://huhuhang.com/, https://huhuhang.com/feed, ????????????; ????????????; ????????????
?????????s ?? domicile, https://www.dongwm.com/, https://www.dongwm.com/atom.xml, ??????; Python; k8s; ??????
LFhacks.com, https://www.lfhacks.com/, https://www.lfhacks.com/rss/, ??????; ??????; ??????
??????, http://www.taoweng.site/, http://www.taoweng.site/feed, ??????; ??????; ??????
oldj's blog, https://oldj.net, https://oldj.net/feed, ??????; ??????; ????????????
????????????, http://hwdef.com/, , ??????; ??????; k8s; golang
Yiran's Blog, https://zdyxry.github.io/, https://zdyxry.github.io/atom.xml, ??????; Linux
????????????????????????, https://shen.bioitee.com, https://shen.bioitee.com/articles/index.xml, ???????????????; IT; ??????
??????????????????, https://blog.guowenfh.com/, https://blog.guowenfh.com/atom.xml, ??????; ??????; ??????
????????????, https://huiweishijie.com, https://huiweishijie.com/feed.xml, ??????; ??????; ??????
TRHX'S BLOG, https://www.itrhx.com/, https://www.itrhx.com/atom.xml, ??????; Python; ??????; ????????????
??????????????????, https://www.yanxingyan.cn/, https://www.yanxingyan.cn/atom.xml, ??????; ??????
?€?????????????, https://blog.mute-g.com/, https://blog.mute-g.com/index.xml, ??????; ??????; ??????
CallMeSoul, https://callmesoul.cn, https://callmesoul.cn/rss.xml, ??????; ??????
????????????, https://laogongshuo.com, https://laogongshuo.com/feed, ??????; ??????; ??????; ?????????
Seven's blog, https://blog.diqigan.cn/, https://blog.diqigan.cn/atom.xml, ??????; ??????; Geek; Java; Linux
????????????, https://east-bladder.com, https://east-bladder.com/atom.xml, ??????; ??€???; ??????
????????????, https://www.codewoody.com, https://www.codewoody.com/atom.xml, ??????; ??????; ??????
CRIMX Blog, https://blog.crimx.com/, https://blog.crimx.com/rss.xml, ??????; ??????; ??€???; ??????
?????????????????????, https://xiaophy.com/, https://xiaophy.com/feed.xml, ??????; ??€?????????; ??????
Michael???, https://michael728.github.io/, https://michael728.github.io/atom.xml, ??????; DevOps; ??????
Dosk ??€??????, https://www.dosk.win/, https://www.dosk.win/feed.xml, ??????; ??????; C++
????????????????????????, http://www.lzhpo.com, , ??????; ??????; ??€???; ??????
???????????????, https://blog.aqours.life/, https://blog.aqours.life/feed/, ??????; OI; ??????; ?€??€?
Xieisabug, https://www.xiejingyang.com/, https://www.xiejingyang.com/feed/, ??????; ??????; ??????; ?€??€?; ??????
??????????????????, https://zhengzexin.com/, https://zhengzexin.com/feed/, ??????; ???????????????; ??????
?????????????????????, https://leiquan.website/, , ??????; ??????; ?????€; ??????
????????????, https://www.wyr.me, , ??????; ??????; ??????
?????????, https://ru23.com?fr=cib, https://ru23.com/atom.xml, ??????; ??????
??????????????????, https://blog.vadxq.com, https://blog.vadxq.com/atom.xml, ??????; ??????; ??????; ??????
???????€????, https://fengxu.ink/, https://fengxu.ink/atom.xml, ??????; ??????; ??????; ??????; ??????
?€????, https://www.wolone.wang/, https://www.wolone.wang/feed/, ??????; ??????
YeungYeah ????????????, https://scottyeung.top/, http://scottyeung.top/atom.xml, ??????; ??????; ??????; ??????
hywel??????????????????, http://www.hywel.cn/, , ??????; ??????; WEB; ??????
LarsCheng, https://www.larscheng.com/, https://www.larscheng.com/atom.xml, ??????; Java; ??????
??€????€???????, https://lanhao.name/, , ??????
Origin's blog, https://blog.singee.me/, https://blog.singee.me/atom.xml, ??????; Python; ??????
??????, https://mazhuang.org/, https://mazhuang.org/feed.xml, ??????; Java; Android
????????????, https://www.bmqy.net/, https://www.bmqy.net/feed, ??????; ??????; ??????
Joe's Blog, https://hijiangtao.github.io/, https://hijiangtao.github.io/feed.xml, ??????; ??????
Yuechuan Blog, https://yuechuanx.top/, https://yuechuanx.top/atom.xml, ??????; DevOps; Automation
BiHell, http://www.bihell.com/, http://www.bihell.com/feed.xml, ??????; ??????; ??????
Jansora, https://www.jansora.com/, , ??????; ??????
??????, https://z.arlmy.me/, http://z.arlmy.me/atom.xml, ??????; ??????; ??????; ??????; ??????
?????????, https://www.wikimoe.com/, https://www.wikimoe.com/rss.php, ??????; ??????; ??????; ??????; ??????
strongwong's Blog, https://blog.strongwong.top/, https://blog.strongwong.top/atom.xml, ??????; ?????????; ASIC; ??????
??????????????????, https://paugram.com, https://paugram.com/feed, ??????; ??????; ??????; ??????; ??????
typeblog, https://typeblog.net/, https://typeblog.net/rss/, Linux; ??????; ??????
HuoJu's BLOG, https://jhuo.ca/, https://jhuo.ca//./index.xml, ??????; ??????
MikeoPerfect's Diary, https://blog.mikeoperfect.com/, http://blog.mikeoperfect.com/atom.xml, ??????; ??????
myfreax, https://www.myfreax.com/, https://www.myfreax.com/feed/, ??????; ??????; Linux
????????????, https://www.kai666666.top/, https://www.kai666666.top/atom.xml, ??????; ??????; ??????; ??????
Mobility, https://lichuanyang.top/, http://lichuanyang.top/atom.xml, ??????; ??????; java
not LSD, https://notlsd.github.io, https://notlsd.github.io/atom.xml, ??????; ????????????; ??????
????????????, https://beijiu.ink, , ??????; ??????; ??????
????????????, https://blog.imalan.cn, https://blog.imalan.cn/feed.xml, ??????; ??????; ?????????; ??????
DuyaoSS, https://www.duyaoss.com/, , SS; SSR
??????, https://blog.502.li/, https://blog.502.li/atom.xml, Linux; ????????????; ????????????; ??????; ??????; android
wuxinhua's Blog, https://wuxinhua.com/, https://wuxinhua.com/atom.xml, ??????; ??????; ??????
Dasyatis, https://www.bobby285271.top/, , ??????; Linux
?????????????????????, http://blog.xuedingmiao.com/, , ??????; ??????; ??????; ??????
????????????, https://innei.ren/, https://innei.ren/feed, ??????; ??????; ??????; ??????
????????????, https://tumutanzi.com/, https://tumutanzi.com/feed, ????????????; ????????????; ????????€???; ????????????
seisamuse, https://seis-jun.xyz, https://www.seis-jun.xyz/atom.xml, ??????; ??????; ??????
?????????, https://www.javatang.com/, https://www.javatang.com/feed, ??????; ??????
????????????, https://www.lujun9972.win, https://www.lujun9972.win/rss.xml, Emacs; Linux
iNote, https://inote.xyz, https://inote.xyz/rss, ??????; ??????; ??????
Ryan_naiquan, https://www.lpime.cn/, , ??????; C++; ??????
Grayson's blog, http://blog.grayson.org.cn/, http://blog.grayson.org.cn/feed.xml, ??????; Ruby; ??????; ??????; ??????; ??????; Linux
Jacky's Blog, https://jw1.dev, https://jw1.dev/atom.xml, ??????; ??????; ??€???; ??????
???????????????, https://wangxin.io/, https://wangxin.io/atom.xml, ??????; ??€???; RPC; ?????????
Jartto's Blog, http://jartto.wang/, http://jartto.wang/atom.xml, ??????; ??????; ????????????
ScarSu???????????????, https://www.scarsu.com/, https://www.scarsu.com/atom.xml, ??????; ??????; ?€??€?
Lucien's Blog, https://blog.lucien.ink, https://blog.lucien.ink/feed/, ??????; ??????; ??????; ACM; ?€??€?
TonyHe ?????????, https://www.ouorz.com, https://www.ouorz.com/feed, ??????; ?€??€?; ??????; ??????; ??????
HashTang ???????????????, https://www.hxkj.vip, https://www.hxkj.vip/feed, ??????; ??????; ??????; ??????
????????????, https://liqiang.io, https://liqiang.io/atom.xml, ??????; ??????; Go; Kubernetes; ??????
??????????????????, https://knightyun.github.io/, https://knightyun.github.io/feed.xml, ??????; ??????; Linux; ??€???
??????????????????, https://sophienotes.cn/, , ??????; ??????; ??????
??????????????????, https://www.yangzhiping.com/, , ????????????; ??????
??????, https://ichenh.com, https://ichenh.com/rss.xml, ??????; ??????
Chores, https://raincorn.top/, https://raincorn.top/atom.xml, ?????????; ??????; ??????
?????????????????????, https://www.wizardbyron.cn/, https://www.wizardbyron.cn/index.xml, ??????; ?????????; DevOps; ????????????; ????????????; ?????????
?????????????????????, https://blog.skrskrskrskr.com, https://blog.skrskrskrskr.com/atom.xml, ??????; ??????; ??????
??????????€????, https://www.cyhone.com, https://www.cyhone.com/atom.xml, ??????; ??????
??????????????????, https://iamxcb.com, https://iamxcb.com/atom.xml, ??????; ??????; Golang; LeetCode
LiesAuer's Blog, https://www.liesauer.net/, https://www.liesauer.net/blog/feed/, ??????
Blog of Music, https://www.blogofmusic.com, http://www.blogofmusic.com/feed, ??????; ????????????; ????????????
Beyond the Void, https://www.byvoid.com/, https://www.byvoid.com/feed, ?????€???; ?????????; ???????????????/ACM??????; ????????????; ??€?????????; ??????
Yi's blog, https://wangyi.ai/, https://wangyi.ai/atom.xml, C++; LeetCode; Python; iOS; ????????????; ??????; ????????????; ??????
1 Byte, https://1byte.io/, https://1byte.io/rss.xml, ??????; ??????; ??????; ??????
Inevitable, https://www.inevitable.tech, https://www.inevitable.tech/atom.xml, ??????; ??????; ??????
????????????????????????, https://www.bmpi.dev, https://www.bmpi.dev/index.xml, ????????????; ????????€???; ????????????; ????????????; ????????????
61's life, https://61.life/, https://61.life/feed.xml, ??????; ??????; ??????
Power's Wiki, https://wiki-power.com, , ??????; ??????; ????????????; ??????
aiokr's daily, https://itypen.app/, https://itypen.app/atom.xml, ??????; ????????????; ?????????
???????????????, http://lulalap.com/, , ??????; ??????
shingle's blog, https://shingle.me/, , ??€???; ??????
@Lenciel, https://lenciel.com/, https://lenciel.com/feed.xml, ??€???; ??????; ??????; ??????
M-x Chris-An-Emacser, https://chriszheng.science/, https://chriszheng.science/atom.xml, ??????; Emacs
???????????????????????????, https://blog.star7th.com, https://blog.star7th.com/feed, ??????; ??€???; ??€?????????
Chino's Workspace, https://chinomars.github.io/, https://chinomars.github.io/atom.xml, ?????????; ??????; ??????
Juuun's World, https://juuun.io, https://juuun.io/rss.xml, ??????; ????????????; ????????????; Figma; ??????
KurryLuo's Website, https://blog.kurryluo.com/, , ??????; ??????
???????????????, https://www.meirenji.info/, , ??€???; ??????
chattymoney(????????€????????????), https://chattymoney.com/, , ??????
TCPGNL, https://tcpgnl.com/, https://tcpgnl.com/feed/, ??????; ??????; ??????; ??????; ?€??€?
weirane's blog, https://weirane.github.io/, https://weirane.github.io/feed.xml, ??????; Linux; Rust
YDLAN'S BLOG, https://note.ydlan.cn/, , ??????; ??????
zhang0peter-????????????, http://zhang0peter.com/, https://zhang0peter.com/atom.xml, Java
Joway's Blog, https://blog.joway.io/, https://blog.joway.io/index.xml, ??????; ??????; ??????
Mayx?????????, https://mabbs.github.io/, https://mabbs.github.io/atom.xml, ??????; ??????; ??????
Rapiz's Blog, https://rapiz.me/, , ??????; ??????
Ground Oddity, http://idle.systems/, http://idle.systems/atom.xml, ??????; ??????; ??????
?????????????????????, https://www.jitao.tech/, https://www.jitao.tech/rss.xml, ?????€; ??????; ??????; ??????
??????????????????, https://blog.shuziyimin.org, https://blog.shuziyimin.org/feed, ????????????; ????????????; ??????
Becomin' Charles, https://sexywp.com, https://sexywp.com/feed, ??????; ??????; ??????; ??????
Bob Jiang's Blog, https://www.bobjiang.com/, https://www.bobjiang.com/index.xml, ??????; Scrum; ???????????????; ????????????
?????€, https://plausistory.blog/, https://plausistory.blog/feed/, ??????; ????????????; ??????
?????????????????????, https://tianmingxing.com, , ??????; ??????; ??????
?????????????????????, https://wangyulue.com, , ??????; ??????; ??????; ??????
????????????, https://earture.org, https://earture.org/atom.xml, ??€???; ??????; ??????
???????????????, http://moe48.moe, , ??????; ??????; ?????????; ??????
?????????, https://ditou.org, https://ditou.org/index.xml, ??????; ??€???
???????????????, http://www.geektcp.com/, , ??????????€??????????; ??€???; ??????
??????, https://leftshadow.com, https://leftshadow.com/?call_custom_simple_rss=1&csrp_cat=11, ??????; ??????
wzyboy's blog, https://wzyboy.im/, https://wzyboy.im/feed.xml, ?????€; ??????; ??????
beyond stars, https://beyondstars.xyz/, https://beyondstars.xyz/posts/index.xml, ??????; ?€??€?; ??????
iPotato, https://ipotato.me, https://ipotato.me/feed, ??€???; ?€??€?; ??????
?????????????????????, https://blog.vvzero.com, https://blog.vvzero.com/atom.xml, ????????€???; ????????€???; ??????
HCLonely, https://blog.hclonely.com/, https://blog.hclonely.com/atom.xml, ??????; ?????????; ??????
???????????????, https://geofftools.cn/blog/, https://geofftools.cn/blog/atom.xml, ??????; Swift; Python
????????????, https://sund.site/, https://www.sund.site/index.xml, ????????????; ??????; ??????
??€??????????????????, https://tomotoes.com/, https://tomotoes.com/blog/atom.xml, ??????; ??????; ?€??€?
DHTalk's Blog, https://zhangdinghao.cn/, https://zhangdinghao.cn/atom.xml, ??????; ??????; ??????
shwei's blog, https://weisenhui.top/, https://weisenhui.top/atom.xml, ??????; ??????; ?€??€?
MiaoTony's Blog, https://miaotony.xyz/, https://miaotony.xyz/atom.xml, ??????; ??€???; ??????; ??????; EE
ryank231231.blog, https://ryank231231.top, https://ryank231231.top/feed/, ??????; ??????; ??????
RivenNero's Blog, https://rivennero.com/, https://rivennero.com/atom.xml, ?????????; ?????€; ??????; ??????
?????????????????????, https://juemuren4449.com/, https://juemuren4449.com/atom.xml, ??????; ??????; ??????; ??????
Hwchiu Learning Note, https://hwchiu.com, https://hwchiu.com/atom.xml, ??????; ??€???; Kubernetes; Linux; Networking
JieJiSS' Blog, https://blog.jiejiss.com, https://blog.jiejiss.com/atom.xml, ??????; ??€???; ??????; ?????????; ??????
the wandering potato ???????????????, https://thewanderingpotato.github.io/, https://thewanderingpotato.github.io/feed.xml, ??????; ??????; ??????
?????????, https://jicki.cn/, https://jicki.cn/index.xml, Kubernetes; ??????; ??????
?€??????????EvenNotes, https://www.evennotes.cn/, https://www.evennotes.cn/atom.xml, ??????; ??????; ??????
Khan's Lab, https://yiti.ml, https://yiti.ml/atom.xml, ??????; ??????; ??????; ??????
????????€???, https://justpic.org/, https://justpic.org/index.xml, ??????; ??????; ??????; ??????
Tinyfool?????????Blog, https://codechina.org/, https://codechina.org/feed/, ??????; ??????; ??????; ??????
Muyun?????????, https://muyun.work, https://muyun.work/feed/, ?????€; ??????; ??????; ??????
?????????, https://blog.shaoyaoju.org/, https://blog.shaoyaoju.org/feed/, ??????; ????????????; ??????; ?€??€?
?€????????€????, https://www.aceact.com, https://www.aceact.com/feed/, ????????????
????????????, http://eryajf.net, http://www.eryajf.net/feed, ??????; ?€????; ??????
Wulu's Blog, https://emuqi.github.io/, https://emuqi.github.io/atom.xml, ??????; ????????????; ??????
RAIS, https://ai.renyuzhuo.cn, https://ai.renyuzhuo.cn/atom.xml, ??????; ????????????; ????????????
Tsanfer's Blog, https://tsanfer.xyz/, , ??????; ??€???
???????????????, http://www.l1yu.com, http://www.l1yu.com/feed, ??€???; ??????; ??????
??????????????????, https://ljason.cn, https://ljason.cn/atom.xml, ??????; ??€???; ??????; ??????
????????????, https://mianao.info, https://mianao.info/feed, ??????; ??????; ??????; DIY
??????????????????, https://i-moe.eu.org/, https://i-moe.eu.org/feed, ??????; ??????
???????????????, https://feimind.xyz, https://feimind.xyz/feed.xml, ??????
Jay Zangwill?????????, https://www.jayzangwill.cn, https://www.jayzangwill.cn/atom.xml, ??????; ??????; ??€???
Dawner, https://dawner.top/, https://dawner.top/atom.xml, ??????; ??????; ??????; ??????
??????, https://yanhang.me, https://yanhang.me/index.xml, ??????; ?€??€?
Frost's Blog, https://frost-lee.github.io, https://frost-lee.github.io/atom.xml, ??????; ????????????; ??????; ??????
Kerminate's Blog, https://kerminate.me/, https://kerminate.me/atom.xml, ??????; ??????; ??€???
Marsvet's Blog, https://marsvet.top/, https://marsvet.top/atom.xml, ??????; ??????; Web??€???; ??????
Ray's Blog, https://raycoder.me, https://raycoder.me/atom.xml, ??????; Python; ??????; Web; ??????
ChungZH ?????????, https://chungzh.cn, https://chungzh.cn/rss.xml, ??????; C++; ??????; OI
Eltrac's Track, https://guhub.cn, https://guhub.cn/feed, ??????; ??????; ??????; ??????; ?€??€?; ??????
Lineuman's Blog, https://lineuman.github.io/blog/, , ??????; ??????
Tinywan ?????????, https://www.tinywan.com, , ??€???; ??????; ??????
news view, https://zsqk.github.io/news/, https://zsqk.github.io/news/feed.xml, ??????; ??????
Nala Ginrut's Blog, https://nalaginrut.com/index, https://nalaginrut.com/feed/atom, ??????; GNU Guile
???????????????, http://i.lckiss.com, http://i.lckiss.com/?feed=rss2, ??€???; ??????; ??????
??????, https://www.hismaplestory.online, https://www.hismaplestory.online/atom.xml, ??????
ZedeX, https://zedex.cn, https://zedex.cn/feed, ??????; ?????€; ??????
Gavin notes, https://blog.gavln.com, https://blog.gavln.com/atom.xml, ??€???; ??????
TwIStOy, https://twistoy.com/, https://twistoy.com/rss.xml, ??????; ??????; C++
??€??????, https://www.zuoyu.top/, https://www.zuoyu.top/atom.xml, ??€???; ??????; ??????
Louis Aeilot's Blog, https://aeilot.github.io/, https://aeilot.github.io/index.xml, ??????; ??€???; ??????; ??????
??????????????????, https://www.yunyoujun.cn, https://www.yunyoujun.cn/atom.xml, ??????; ??€???; ??????; ??????
????????? - ????????????????????????????????????, https://www.ybusad.com, https://www.ybusad.com/rss, ??????; ??????; ??€???; ?€??€?
WuSiYu Blog, https://wusiyu.me, https://wusiyu.me/feed/, ??????; ??€???; DIY; Linux
???????????????, https://blog.zhengzi.me, https://blog.zhengzi.me/atom.xml, ??€???; ??????; ?€??€?
?????€??????, https://www.feidaoboke.com, https://www.feidaoboke.com/feed.php, ??????; ??????; ??????; ??????
???????????????, https://www.physixfan.com, https://www.physixfan.com/feed, ??????; ??????
Bingwhispers, https://cyril3.github.io, https://cyril3.github.io/feed.xml, ??????; ??????
??????????????????, https://zhaohongcheng.com, , ??????; ??????; ??€???
PlayerCatboy, https://ralf.ren, https://ralf.ren/feed, ??????; ??????; ????€?
Nero?????????, https://www.neroht.com, , ??€???; ??????; ????€?
?????????, https://mutoo.im, https://blog.mutoo.im/atom.xml, ??????; ????????€???; ??????
?????????, https://ourai.ws/, https://ourai.ws/atom.xml, ??????; ??????; ??????; ?€??€?; ??????; ?????????
VictriD's blog, https://blog.victrid.dev/, https://blog.victrid.dev/feed.xml, ??????; ??????
???????€?????????????, https://asazero.blogspot.com, , ??????; ????????????; ??????
ddadaal.me, https://ddadaal.me, https://ddadaal.me/rss.xml, ??????; ????????????; ??????
???????????????, https://wuzhuti.cn, https://wuzhuti.cn/feed, ??????; ??€???; ??????
???????????????, https://dbarobin.com, https://dbarobin.com/feed.xml, ?????????; ????????????; ?????????; ?????????; DeFi; ??????
?????????, https://www.tcxx.info, , ????????????; ??€???; ????????????
Luyu Huang's Tech Blog, https://luyuhuang.github.io, https://luyuhuang.github.io/feed.xml, ??????
?????????????????????, https://feizhaojun.com, https://feizhaojun.com/?feed=rss2, ??????; ?????€; ??????
????????????, https://blog.xiaket.org, https://blog.xiaket.org/feed.xml, ??????; ??????
?€??€???????, http://blog.ponder.work, http://blog.ponder.work/atom.xml, ??????; ??????
???????????????, https://blog.wangxuan.name, https://blog.wangxuan.name/feed/, ??????; ???????????????; ????????????; ??????
???????????????BLOG, https://blog.gotocoding.com, https://blog.gotocoding.com/feed/, ??????
????€???????, https://www.mihu.live, https://www.mihu.live/feed/, ??€???; ??????; ??????
??€?????????, https://blog.yidajiabei.xyz/, https://blog.yidajiabei.xyz/index.xml, ??????; ??€???
????????????, https://jingyig.com/, https://jingyig.com/atom.xml, ?€??€?; ??????; ??????; ??????
Aksoo's blog, https://aksoo.site/, https://aksoo.site/atom.xml, ??????
????????????, https://fourhappylions.com/, https://fourhappylions.com/index.xml, ??????; ??????; ????????????
??????(?????????), https://wandoer.com, , ??????; ??????; ??????; ?????????
????????????????????????, https://chegva.com, https://chegva.com/feed/, ??????; ??????; ??????; ??????
???????????????, https://www.chenweiliang.com/, https://www.chenweiliang.com/feed/, ????????????; ???????????€; IT??€?????????
???????????????, https://leonson.me, https://leonson.me/feed.xml, ??????; ??????; ?€??€?; ??????; ??????
HappyHack, https://blog.happyhack.io, https://blog.happyhack.io/atom.xml, ??????; ??????; ?????????; Hack
Jiansing's Blog, https://blog.ofo.moe, https://blog.ofo.moe/rss.xml, ??€???; ??????; ?€??€?; ??????
??€?????????, https://blog.maolu.one, https://blog.maolu.one/feed/, ??????; ??€???; ??????
???????????????, https://qwq.best, https://qwq.best/feed/, ??????; ??????; ??????
Velas?????????, https://www.velasx.com, https://www.velasx.com/feed, ??????; ??????; ??????; ??????; ??????
????????????, https://yjalifebook.com/, https://yjalifebook.com/feed/, ??????????????????????????€????€??€??€??€??????????????€?
zu1k, https://lgf.im/, https://lgf.im/index.xml, ??????; ??????; ?€??€?
????????????, https://leejarod.wordpress.com/, https://leejarod.wordpress.com/feed/, ???????????????
JalenChuh, https://blog.jalenchuh.cn, https://blog.jalenchuh.cn/atom.xml, ??????; ??????; ??????
????????????, https://58fe.com, https://58fe.com/rss, ??????; ??????; ??????
Gowhich, https://www.gowhich.com, https://www.gowhich.com/feed, ??????; ??????; ?????????; ??????
?????????, https://baozi.fun/, https://baozi.fun/rss.xml, ??????; ??????; ??????; ??????
????????????????????????, https://blog.yangyk.com/, , ??????; ??????
Platform Thinking +, https://platformthinking.plus/, https://platformthinking.plus/rss/, ?????€; ??????; ??????
????€??????????, https://peon.top, , ??????; ??????
???????????????, https://mathpretty.com/, https://mathpretty.com/feed/, ??????; ??????; ??????
???????????????, https://www.likelyunlucky.xyz, https://www.likelyunlucky.xyz/feed, ??????; ??????; ??????; ??????
luozhiyun`s Blog ????????€?????????, https://www.luozhiyun.com/, https://www.luozhiyun.com/feed, ??????; ??????
???????€???????, https://www.frank.hk/, https://www.frank.hk/rss.xml, ??????; ?€??€?; ?????€; ??????; ??€???
??????????????????, https://cjh0613.com, , ??€???; ??????; ?€??€?; ??????; ??????
?????????'s Blog, https://www.xn2001.com, https://www.xn2001.com/feed, ??????; ??????
????????????, https://blog.dugulingping.com/, https://blog.dugulingping.com/feed, ??????; ??????; ??????
maxOS, https://maxoxo.me, https://maxoxo.me/rss/, ??????; ??????; ??????; ??????
Yuko's Blog, https://yuukoamamiya.github.io/, https://yuukoamamiya.github.io/atom.xml, ?????????; ??????; ??????; ??????; ??????
??????, https://jubeny.com/, https://jubeny.com/feed.xml, ??????; ??????; ??????
????????????, https://lhymwm.github.io, https://lhymwm.github.io//atom.xml, ??????; ??????; ??????
Jiayi Liu, https://jiayiliu.me/, https://jiayiliu.me/index.xml, ??????; ??????; ???????????????; ????????????; ??????
???????????????, https://blog.henix.info/, https://blog.henix.info/rss2.0.xml, ??????; ??????
?????????, https://imzm.im, https://imzm.im/feed, ??????; ??????; ??????
????????? | ?????????, https://musenxi.com/, https://musenxi.com/feed, ??????; ??????; ??????; ??????
Ngzhio's Blog, https://ngzhio.github.io/, https://ngzhio.github.io/feed.xml, ??????; ??????; ??????; ??????; ??????; ??????
??????101???Blog, https://wall101.com, , ??€???; ??????; ??????; Hack
Wsdjeg's Blog, https://wsdjeg.spacevim.org/, https://wsdjeg.spacevim.org/feed.xml, ??????; ??????; ??????
ephz3nt, https://painso.com, https://painso.com/posts/index.xml, ??????; ??????; ??????
zcmimi's blog, https://blog.zcmimi.top/, https://blog.zcmimi.top/atom.xml, ??????; ??????; ??????; ??????; ??€???
??????, https://xiaozhu.dev, https://xiaozhu.dev/index.xml, ??€???; ??????; ??????; ??????
251, https://blog.251.sh, , ??????; ??????; ??€???; ??????; ??????
??????????????????, https://www.luxianpo.com, https://www.luxianpo.com/rss.xml, ??????; ??????; ??€???; ??????
????€??????????, https://xugaoxiang.com, https://xugaoxiang.com/feed, ??????; ??????; ??€???
?????????, https://xuyisheng.top, https://xuyisheng.top/rss/, ??????; ??????; ??€???
Scvoet, https://scvoet.me, https://scvoet.me/feed, ??????; ??????; ??????
Diff????????????, https://diff.im/blog/, https://diff.im/blog/?feed=rss2, ???????????????????????????????????????
jax - ????????????, https://cdjax.com/, https://cdjax.com/?feed=rss2, ??????; ??????; ??????
Diego?????????, http://diego.plus, http://diego.plus/atom.xml, ??????; ??????; ??????
Diego's Blog, http://blog.diego.plus:5800, http://blog.diego.plus:2000/feed/, ??????; ??€???; ??????
XINDOO?????????, https://zxs.io, https://zxs.io/feed, ??????; ??????; ??????
?????????????????????, https://masuit.com, https://masuit.com/rss, ????????????; .net; ????????????
????????????, https://geektutu.com, https://geektutu.com/feed.xml, ?????????????????€?????????
azhuge233's Blog, https://azhuge233.com, https://azhuge233.com/feed, ??????; ??€???; ??????; dotnet; python
????????????, https://www.geekzl.com, https://www.geekzl.com/feed, ??????; ??€???; SEO; ??????; dotnet; python
??????????????????, https://www.grofis.com, https://www.grofis.com/feed.xml, ????????????; ??????; ??€???
??????????????€?????????, https://mountaye.github.io/blog/, https://mountaye.github.io/blog/feed.xml, ??????; ??????; ??????; ??????
??????????????????, https://www.chenshaowen.com/blog/, https://www.chenshaowen.com/atom.xml, ??????; ??????
??€???????????????, https://kubesphereio.com/, https://kubesphereio.com/tags/index.xml, ??????; K8s; ??????
??????????????????, https://geekplayers.com, https://geekplayers.com/feed.xml, ??€???; SEO; ??????; ??????; python
????????????, https://atticuslab.com, https://atticuslab.com/atom.xml, ??????; ??????; ??????
?????????, https://www.eriqua.com, https://www.eriqua.com/index.php/feed, ??????; ??????; ??????
?????€???, https://yishi.io/, https://yishi.io/feed, ??????; ??????; ????????????; ??????
TripleZ's Blog, https://blog.triplez.cn, https://blog.triplez.cn/feed/, ??????; ??????
AmbroseRen, https://ambroseren.github.io/test/, https://ambroseren.github.io, ?????????????????????; ??????
Fat Blog | ???????????????, https://tingfei.art/, https://tingfei.art/index.xml, ?????????; ??????; Rust; ??????
????????????????????????, https://www.tony-bro.com, https://www.tony-bro.com/atom.xml, ??????; ??????; ??????
Ramen's Box, https://blog.lxdlam.com/, https://blog.lxdlam.com/index.xml, ??????; ??????
???????????????, https://bubuzou.com/, https://bubuzou.com/, ??????; ??????; ??????; ??????
Holmesian Blog, https://holmesian.org/, https://holmesian.org/feed, ??????; ??????
??????????????????, https://jasonkayzk.github.io/, https://jasonkayzk.github.io/atom.xml, ??????; ??????; ??????; ??????
DLog | ???????????????, https://dingzeyu.li/blog/, https://dingzeyu.li/blog/feed.xml, ??????; ??€???; ??????; ????????????; ?€??€?
JimmyLv@??????????????????, https://blog.jimmylv.info, https://blog.jimmylv.info/pages/feed.xml, ??????; ?€??€?; ??????; ??????; ????????????; ??????
??????????????????, http://muyunyun.cn/blog/, , ??????; ??????; ??????; ??????; ??????
??????????????????, https://qiangwaikan.com/, , ??????; ??????; ??€???
VPN??????, https://www.vpndada.com/, , ??????; ??????; ??€???; ??????; ??????
kirito?????????, https://www.kirito41dd.cn, https://www.kirito41dd.cn/index.xml, ??????; ?????????; ??€???
WallVPN, https://wallvpn.com/, , ??????; ??????; ??€???; ??????
herrkaefer, https://herrkaefer.com/, https://herrkaefer.com/feed/, ??€???; ????€?; ?€??€?
??hinking Null, https://awsl.blog/, https://awsl.blog/feed, ??????; ??€???; ??????
teobler, https://teobler.com, https://teobler.com/rss.xml, ??????; ??????
Vmaig, https://vmaig.com/, , ??????; ??????; ??€???
?????????, https://www.yulisay.com, https://www.yulisay.com/rss.xml, ??????; ??????; ??????; ??????
winter's Blog, https://blog.winterchen.com, https://blog.winterchen.com/atom.xml, ??????; ??????
????????? - ???????????????, https://chengpeiquan.com/, https://chengpeiquan.com/feed/, ??????; ??????; ??????; ??????
yzqzss|??€???????????????'s Blog, https://blog.othing.xyz, https://blog.othing.xyz/feed/, ??????; ??????
Terrarum::????????????????????????, https://blog.skyju.cc/, https://blog.skyju.cc/index.xml, ??????; PHP; ????€?; ??€???; ??????
coding2live, http://coding2live.com, , ????????????; ??????; ????????????
?????????, https://xiaosuiyin.com, , ??????????????????; ?????????????????????
Li Hui Blog, https://lihui.net/, https://lihui.net/feed, ??????; ?€??€?; ??????; ??€???; ??????; ??????
186526's Blog, https://blog.186526.xyz/, https://blog.186526.xyz/atom.xml, ??????; ??????; ??€???; ??????; ??????
Enoch2090, https://enoch2090.me, https://enoch2090.me/atom.xml, ??????; ??€???; ??????; ??????
????????????????????????, https://shenyongfan.com, https://shenyongfan.com/rss/, ??????; ??????; ??????; ??????
Anillc's blog, https://anillc.cn, https://anillc.cn/atom.xml, ??????; ??????
??????, https://moshou.me, https://moshou.me/?feed=rss2, ??????; Apple; ??????
Ryan4Yin's Space, https://ryan4yin.space/, https://ryan4yin.space/index.xml, ?????????; Kubernetes; ??????; Linux
??????????????????, https://varyblog.cn/, , ??????; ??????; ??????
?????? ?€? ??€????????? ????, https://shenzilong.cn/, https://shenzilong.cn/blog/feed, ??????; ??????; ??????; ??????
I'm OWenT, https://owent.net/, https://owent.net/index.xml, ??????; ??????; ??€???; ?€??€?
Android Performance, https://www.androidperformance.com/, https://www.androidperformance.com/atom.xml, ??????; Android; ??????
Nansey?????????, http://www.nansey.me/, http://www.nansey.me/feed/, ??????; ??????; ??????
??????????€?, https://fanyi.news/, https://fanyi.news/atom.xml, ??????; ?????????; ??????????€?
????????????????????????, https://www.huhexian.com/, https://www.huhexian.com/feed, ??????; ??????; ??????; ??????
?????????, https://blog.nodr.ink/, https://blog.nodr.ink/atom.xml, ??????; ??????; ??????; ??????
??????????????????, https://zuanfeng.club/, https://zuanfeng.club/index.php/feed/, ??????; ??????; ??????
??????????????????, https://deepinvest.org/, https://deepinvest.org/index.xml, ??????
???????????????, https://cyrusyip.org/, https://cyrusyip.org/post/index.xml, ??????; ??????
????????????, https://www.blueskyxn.com, https://www.blueskyxn.com/feed/, ??€???; Linux; ??????; ??????; ?????????; ?????????
??????????????????, https://blog.mayandev.top, https://blog.mayandev.top/atom.xml, ??€???; ??????; ??????; ?????????
TimeMachine Notes, https://timemachine.icu/, https://timemachine.icu/atom.xml, ?????????; ??????; ??????; ??????; ??????
???????????????, https://blog.kuangjux.top/, http://blog.kuangjux.top/atom.xml, ??€???; ??????; ??????; ??????
I Am I, https://5ime.cn/, https://5ime.cn/atom.xml, ??€???; ??????; ??????; ??????
SuperPung, https://blog.superpung.xyz, https://blog.superpung.xyz/atom.xml, ??????; ??????; ??€???; ?€??€?
Adkinsm??????, https://www.adkinsm.top, , ??€???; ??????; ??????; ?????????
?????????, https://www.leavesongs.com/, https://www.leavesongs.com/feed/, ??????; ??????
crblog, https://blog.cal1.cn/, https://blog.cal1.cn/atom.xml, ??????
EVILCOS, https://evilcos.me/, https://evilcos.me/?feed=rss2, ??????
Lyunvy's Blog, https://lyunvy.tk, https://lyunvy.tk/atom.xml, ??????; ??????
PRIEWIENV's blog, https://blog.priewienv.me, https://blog.priewienv.me/index.xml, ?????????; ?????????????????????; ??????; ?????????
???????????????, https://www.yystv.cn/, https://www.yystv.cn/rss/feed, ??????; ??????
KSkun's Blog, https://ksmeow.moe/, https://ksmeow.moe/feed/, ??????; ??€???; ?????????; ??????
Lucas's Blog, http://kevinnan.org.cn/, http://kevinnan.org.cn/feed, ??????; ??????; ???????????€???; ???????????€???
?????????, https://qq52o.me, https://qq52o.me/feed, ??????; ??????; ??€???; ??????
???????€????, https://2hu.net, https://www.2hu.net/feed, ?????????; ??????; ??????; ??????
Fanta's Blog, https://fantalovelife.club, https://fantalovelife.club/archives/, ??€???; ??????
??????????????????, http://wangyikai.com, http://wangyikai.com/feed, ???????????????; ???????????????????????????
Saul's Space, https://saulnoble.github.io/, https://saulnoble.github.io/atom.xml, ??????; ?????????; ??????
Jun's Blog, https://www.junz.org/, https://www.junz.org/index.xml, ??????; C++; Linux; ??????
Shuo's Blog, https://wushuo.ink, https://wushuo.ink/atom.xml, ??????; ??????; ????????????
plusplus7's Blog, https://blog.plusplus7.com, , ??????; ????????????; ??????; ??????
u3shadow?????????, http://www.u3coding.com, , ??????; Android
fivestone - ?????€?????????, https://blog.fivest.one/, http://blog.fivest.one/feed, ??????; ??????; ??????; ??????; ??€???
fieldnotes, https://anthropology.fivest.one/, http://anthropology.fivest.one/feed, ?????????
rxliuli blog, https://blog.rxliuli.com, https://blog.rxliuli.com/atom.xml, ??????; ??????; ??????
????????????, https://www.imwzk.com/, https://www.imwzk.com/feed.xml, ??????; ??????
Markon Review, https://markonreview.com/, https://markonreview.com/rss/, ?????????????????????
?€??€?????????????, https://kaopubear.top/blog/, https://kaopubear.top/blog/atom.xml, ??€???; ??????; ??????
???????????????, https://www.gaoyuanshi.com, https://www.gaoyuanshi.com/?feed=rss2, ??????; ??????; ??????; ??????
mghio, https://www.mghio.cn, https://www.mghio.cn/atom.xml, ??€???; ??????; ??????; ?????????????€?
???????????????, https://houye.xyz, https://houye.xyz/atom.xml, ??????; ??????
icodex, https://icodex.me/, , ??????
Richie????????????, https://riichiie.net, https://www.riichiie.net/feed/, ??????; ??????; ?€??€?; Blog
???????????????, https://astrianzheng.cn/, https://astrianzheng.cn/atom.xml, ??????; ??????; ??????
??????????????????, https://lesofn.com/, https://lesofn.com/atom.xml, ??????; ??????; ??????
Max_Qiu, https://maxqiu.com, , ??????
Frank's Weblog, https://nyan.im/, https://nyan.im/feed, ??????; ??€???; ??????
Robotkang, https://robotkang.cc/, https://robotkang.cc/feed, ?????€; ??????; ??????; ??????
????????? ??€????????????????€??€?????????€, https://afoo.me/, https://afoo.me/feeds.xml, ??????; ??????; ?€??€?
?????????, https://zhurongshuo.com/index.xml, , ????????€?????????????€?????€?
????????????, https://wangjiezhe.com/, https://wangjiezhe.com/atom.xml, ??????; ??????
???????????????, https://wakzz.cn/, https://wakzz.cn/atom.xml, ??????; ??????; ??????
??????????????????, https://www.liurongxing.com/, https://www.liurongxing.com/feed, Linux; BSD; ??????
Phuker's Blog, https://phuker.github.io/, https://phuker.github.io/feeds/all.atom.xml, ??????; ??€???; ??????
??????, http://chenjt.com/, http://chenjt.com/feed, ??€???; ??????; ??????
????????????, http://kefan.me/blog, http://kefan.me/rss.xml, ??????; ??????; ??????; ????????????
?????? | ??€???????????????????????????, https://amore.ink, https://amore.ink/feed/, ????????????; ??????; ??????; ????????????
????????????, https://shoyu.top, https://shoyu.top/feed, ??????; ??????; ??????
??????????????????, https://renny.ren, https://renny.ren/feed, ??????; ??????; ??????; ??????
Ve, https://cyberve.top, https://cyberve.top/rss.xml, ??????; ??????; ??????
lijiakaijun, https://blig.lijiakaijun.cyou, https://blog.lijiakaijun.cyou/atom.xml, ??????; ??????
LoRexxar's Blog, https://lorexxar.cn/, https://lorexxar.cn/atom.xml, ??????
Orange, https://blog.orange.tw/, https://feeds.feedburner.com/blogspot/Aohx, ??????
Nuclear'Atk????????????????????????????????????, https://lcx.cc/, https://lcx.cc/index.xml, ??????
bboysoul?????????, https://www.bboy.app, https://www.bboy.app/atom.xml, k8s ??????
??€????????€, https://zhangyet.github.io/, https://zhangyet.github.io/feed.xml, ??????; ??????; ??????
AiDaiP, https://aidaip.github.io/, https://aidaip.github.io/feed.xml, ??????; ??????
????????????, http://museradio.net/, http://museradio.net/atom.xml, Jack's art hobby habitat
sulinehk's blog, https://www.sulinehk.com/, https://www.sulinehk.com/index.xml, ??????; Golang
?????????, http://www.wuqiwen.cn/, http://www.wuqiwen.cn/feed/, ????????????; ??????
Drawoceans?????????, https://blog.drawoceans.com/, https://blog.drawoceans.com/feed/, ??????; ??????; ??????; ??????
JustZht, https://www.justzht.com/, https://www.justzht.com/rss/, ??????
Mokeyjay's Blog, https://www.mokeyjay.com/, https://www.mokeyjay.com/feed, ??????; ??€???; PHP; ??????; ??????; ??????
???????????????, https://xiamuyourenzhang.cn/, https://xiamuyourenzhang.cn/feed, ????????????
Shiau, https://shiau.xyz, https://shiau.xyz/atom.xml, ??????; ??????; SwiftUI
?????????, https://blog.murphyyi.com, https://blog.murphyyi.com/atom.xml, ??€???; ??????; golang
??€??????????????????Sheep, https://koyangyang.github.io, https://www.koyang.top/atom.xml, ??????; ??????; ??????; ??????
AronZHC,https://AronZHC.github.io,https://AronZHC.top/arom.xml,±à³Ì£¬Ñ§Ï°£¬·ÖÏí
